Timestamp,User,Action,Module,Status,Details
2026-01-22 13:09:17,Administrator,User Logout,Auth,Success,User signed out manually
2026-01-22 13:09:43,admin,User Login,Auth,Success,Session started for admin
2026-01-22 13:12:53,Administrator,Match Approved,Match Review,Success,Cluster CL001 resolved by Administrator
2026-01-22 13:13:27,Administrator,Match Approved,Match Review,Success,Cluster CL002 resolved by Administrator
2026-01-22 13:13:37,Administrator,Match Approved,Match Review,Success,Cluster CL003 resolved by Administrator
2026-01-22 13:14:45,Administrator,User Logout,Auth,Success,User signed out manually
2026-01-22 13:16:02,admin,User Login,Auth,Success,Session started for admin
2026-01-22 13:28:54,Administrator,Match Approved,Match Review,Success,Cluster CL001 resolved by Administrator
2026-01-22 13:29:06,Administrator,Process Deferred,Match Review,Warning,Cluster CL002 skipped by Administrator
2026-01-22 13:29:08,Administrator,Match Rejected,Match Review,Success,Cluster CL003 rejected by Administrator
2026-01-22 16:12:24,admin,User Login,Auth,Success,Session started for admin
2026-01-22 16:27:16,Administrator,User Logout,Auth,Success,User signed out manually
2026-01-22 16:27:27,dev,User Login,Auth,Success,Session started for dev
2026-01-22 16:27:36,Tech Lead,User Logout,Auth,Success,User signed out manually
2026-01-22 16:27:45,exec,User Login,Auth,Success,Session started for exec
2026-01-22 16:27:52,C-Suite User,User Logout,Auth,Success,User signed out manually
2026-01-22 16:28:04,admin,User Login,Auth,Success,Session started for admin
2026-01-22 16:56:20,Administrator,User Logout,Auth,Success,User signed out manually
2026-01-22 16:56:28,admin,User Login,Auth,Success,Session started for admin
2026-01-22 17:34:22,Administrator,User Logout,Auth,Success,User signed out manually
2026-01-22 17:45:13,admin,User Login,Auth,Success,Session started for admin
2026-01-22 17:47:04,admin,User Login,Auth,Success,Session started for admin
2026-01-22 17:50:14,Administrator,Match Approved,Match Review,Success,Cluster CL001 resolved by Administrator
2026-01-22 17:56:38,Administrator,Match Approved,Match Review,Success,Cluster CL002 resolved by Administrator
2026-01-22 17:58:07,Administrator,Match Approved,Match Review,Success,Cluster CL003 resolved by Administrator
2026-01-22 18:02:30,Administrator,User Logout,Auth,Success,User signed out manually
2026-01-22 18:02:43,exec,User Login,Auth,Success,Session started for exec
2026-01-22 18:03:00,C-Suite User,User Logout,Auth,Success,User signed out manually
2026-01-22 18:03:14,dev,User Login,Auth,Success,Session started for dev
2026-01-22 18:06:36,Tech Lead,User Logout,Auth,Success,User signed out manually
2026-01-22 18:08:20,admin,User Login,Auth,Success,Session started for admin
2026-01-23 12:41:18,admin,User Login,Auth,Success,Session started for admin
2026-01-23 15:48:30,Administrator,User Logout,Auth,Success,User signed out manually
2026-01-23 15:48:37,admin,User Login,Auth,Success,Session started for admin
2026-01-23 15:50:02,admin,User Login,Auth,Success,Session started for admin
2026-01-23 15:57:25,admin,User Login,Auth,Success,Session started for admin
2026-01-23 18:23:05,admin,User Login,Auth,Success,Session started for admin
2026-01-25 01:05:49,admin,User Login,Auth,Success,Session started for admin
2026-01-25 02:22:14,admin,User Login,Auth,Success,Session started for admin
2026-01-25 02:38:55,admin,User Login,Auth,Success,Session started for admin
